INSERT INTO dzial (id, nazwa, ilosc_stanowisk) VALUES (1, 'IT', 5);
INSERT INTO dzial (id, nazwa, ilosc_stanowisk) VALUES (2, 'Finanse', 2);
INSERT INTO dzial (id, nazwa, ilosc_stanowisk) VALUES (3, 'Kadry', 5);
INSERT INTO dzial (id, nazwa, ilosc_stanowisk) VALUES (4, 'Obsługa klienta', 8);
INSERT INTO dzial (id, nazwa, ilosc_stanowisk) VALUES (5, 'Marketing', 9);
INSERT INTO dzial (id, nazwa, ilosc_stanowisk) VALUES (6, 'Handlowy', 4);

INSERT INTO kwalifikacja (id, nazwa, opis) VALUES (1, 'Poziom 1', 'Kwalifikacje niezbędne do wykonywania prostych, rutynowych zadań wykonywanych pod kierunkiem przełożonego, stanowiących podstawę do dalszych, bardziej specjalistycznych działań.');
INSERT INTO kwalifikacja (id, nazwa, opis) VALUES (2, 'Poziom 2', 'Kwalifikacje niezbędne do wykonywania zadań w sytuacjach typowych. Niektóre zadania mogą być bardziej złożone i wymagać działań samodzielnych charakteryzujących się indywidualną odpowiedzialnością. Wymagana może być również umiejętność pracy w zespole.');
INSERT INTO kwalifikacja (id, nazwa, opis) VALUES (3, 'Poziom 3', 'Kwalifikacje niezbędne do wykonywania zadań złożonych, zarówno w warunkach typowych jak i problemowych. Zadania charakteryzują się różnorodnością wykonywanych czynności, wymagają samodzielności i odpowiedzialności. Dotyczyć mogą również umiejętności kierowania pracą innych osób.');
INSERT INTO kwalifikacja (id, nazwa, opis) VALUES (4, 'Poziom 4', 'Kwalifikacje niezbędne do wykonywania wielu różnorodnych, skomplikowanych zadań o charakterze technicznym, organizacyjnym lub specjalistycznym dla danego obszaru działalności zawodowej. Zadania wymagają wysokiej, osobistej odpowiedzialności i samodzielności, jak również umiejętności kierowania zespołem pracowników.');
INSERT INTO kwalifikacja (id, nazwa, opis) VALUES (5, 'Poziom 5', 'Kwalifikacje niezbędne do wykonywania złożonych zadań, często w sytuacjach problemowych, wymagających podejmowania decyzji o znaczeniu strategicznym dla organizacji. Zadanie te związane są z pełną odpowiedzialnością za pracę i rozwój innych osób, a także wymagają umiejętności diagnozowania, analizowania, prognozowania, planowania oraz wdrażania nowych pomysłów do praktyki gospodarczej i społecznej.');

INSERT INTO wymagania (id, nazwa, poziom) VALUES (1, 'Znajomość pakietu Microsoft Office', 1);
INSERT INTO wymagania (id, nazwa, poziom) VALUES (2, 'Znajomość pakietu Microsoft Office', 2);
INSERT INTO wymagania (id, nazwa, poziom) VALUES (3, 'Znajomość pakietu Microsoft Office', 3);
INSERT INTO wymagania (id, nazwa) VALUES (4, 'Komunikatywność');
INSERT INTO wymagania (id, nazwa) VALUES (5, 'Znajomość rynku');
INSERT INTO wymagania (id, nazwa) VALUES (6, 'Umiejętność pracy w zespole');
INSERT INTO wymagania (id, nazwa, poziom) VALUES (7, 'Znajomość AutoCAD', 1);
INSERT INTO wymagania (id, nazwa, poziom) VALUES (8, 'Znajomość AutoCAD', 2);
INSERT INTO wymagania (id, nazwa, poziom) VALUES (9, 'Znajomość AutoCAD', 3);
INSERT INTO wymagania (id, nazwa) VALUES (10, 'Znajomość prawa pracy');
INSERT INTO wymagania (id, nazwa) VALUES (11, 'Obsługa komputera');
INSERT INTO wymagania (id, nazwa) VALUES (12, 'Znajomość języków obcych');
INSERT INTO wymagania (id, nazwa) VALUES (13, 'Znajomość branży');
INSERT INTO wymagania (id, nazwa) VALUES (14, 'Znajomość budżetowania');
INSERT INTO wymagania (id, nazwa) VALUES (15, 'Wiedza z zakresu księgowości');
INSERT INTO wymagania (id, nazwa) VALUES (16, 'Wiedza z zakresu prawa podatkowego');
INSERT INTO wymagania (id, nazwa) VALUES (17, 'Wiedza z zakresu zarządzania finansami');
INSERT INTO wymagania (id, nazwa) VALUES (18, 'Znajomość ogólnych zasad rachunkowości oraz ewidencji księgowej');
INSERT INTO wymagania (id, nazwa) VALUES (19, 'Umiejętność rozumienia treści ekonomicznej kont księgowych');
INSERT INTO wymagania (id, nazwa) VALUES (20, 'Umiejętność współpracy z instytucjami finansowymi');
INSERT INTO wymagania (id, nazwa) VALUES (21, 'Inicjatywa');
INSERT INTO wymagania (id, nazwa) VALUES (22, 'Zdolności analtyczne');
INSERT INTO wymagania (id, nazwa) VALUES (23, 'Zdolnośći handlowe');
INSERT INTO wymagania (id, nazwa) VALUES (24, 'Koncentracja');
INSERT INTO wymagania (id, nazwa) VALUES (25, 'Etyka');
INSERT INTO wymagania (id, nazwa) VALUES (26, 'Organizacja pracy');
INSERT INTO wymagania (id, nazwa) VALUES (27, 'Asertywność');
INSERT INTO wymagania (id, nazwa) VALUES (28, 'Umiejętność podejmowania decyzji');
INSERT INTO wymagania (id, nazwa) VALUES (29, 'Wiedza o zarządzaniu i administracji');
INSERT INTO wymagania (id, nazwa) VALUES (30, 'Umiejętność zarządzania budżetem');
INSERT INTO wymagania (id, nazwa) VALUES (31, 'Wiedza z zakresu informatyki');
INSERT INTO wymagania (id, nazwa) VALUES (32, 'Umiejętność współpracy z osobami z pozostałych działów');
INSERT INTO wymagania (id, nazwa) VALUES (33, 'Znajomość słownictwa specjalistycznego z obszaru działania firmy');
INSERT INTO wymagania (id, nazwa) VALUES (34, 'Umiejętność zarządzania informacją');
INSERT INTO wymagania (id, nazwa) VALUES (35, 'Znajomość analizy finansowej');
INSERT INTO wymagania (id, nazwa) VALUES (36, 'Doświadczenie w prowadzeniu projektów');
INSERT INTO wymagania (id, nazwa) VALUES (37, 'Wiedza z zakresu marketingu i handlu');
INSERT INTO wymagania (id, nazwa) VALUES (38, 'Zanjomość technik kształtowania wizerunku produktu');
INSERT INTO wymagania (id, nazwa) VALUES (39, 'Znajomość procedur windykacyjnych');
INSERT INTO wymagania (id, nazwa) VALUES (40, 'Znajomość rachunkowości');
INSERT INTO wymagania (id, nazwa, poziom) VALUES (41, 'Znajomość Tableau', 1);
INSERT INTO wymagania (id, nazwa, poziom) VALUES (42, 'Znajomość Tableau', 2);
INSERT INTO wymagania (id, nazwa, poziom) VALUES (43, 'Znajomość Tableau', 3);
INSERT INTO wymagania (id, nazwa, poziom) VALUES (44, 'Znajomość Power BI', 1);
INSERT INTO wymagania (id, nazwa, poziom) VALUES (45, 'Znajomość Power BI', 2);
INSERT INTO wymagania (id, nazwa, poziom) VALUES (46, 'Znajomość Power BI', 3);
INSERT INTO wymagania (id, nazwa, poziom) VALUES (47, 'Znajomość programów rachunkowych', 1);
INSERT INTO wymagania (id, nazwa, poziom) VALUES (48, 'Znajomość programów rachunkowych', 2);
INSERT INTO wymagania (id, nazwa, poziom) VALUES (49, 'Znajomość programów rachunkowych', 3);
INSERT INTO wymagania (id, nazwa, poziom) VALUES (50, 'Znajomość programów sieciowych', 1);
INSERT INTO wymagania (id, nazwa, poziom) VALUES (51, 'Znajomość programów sieciowych', 2);
INSERT INTO wymagania (id, nazwa, poziom) VALUES (52, 'Znajomość programów sieciowych', 3);
INSERT INTO wymagania (id, nazwa, poziom) VALUES (53, 'Znajomość programów do zarządzania projektami', 1);
INSERT INTO wymagania (id, nazwa, poziom) VALUES (54, 'Znajomość programów do zarządzania projektami', 2);
INSERT INTO wymagania (id, nazwa, poziom) VALUES (55, 'Znajomość programów do zarządzania projektami', 3);

INSERT INTO stanowisko (id, nazwa, dzial_id, minimalne_wyksztalcenie, wynagrodzenie) VALUES (1, 'Sekretarka', 5, 'zasadnicze zawodowe', 2200);
INSERT INTO stanowisko (id, nazwa, dzial_id, minimalne_wyksztalcenie, wynagrodzenie) VALUES (2, 'Handlowiec', 6, 'średnie', 3500);
INSERT INTO stanowisko (id, nazwa, dzial_id, minimalne_wyksztalcenie, wynagrodzenie) VALUES (3, 'Marketingowiec', 5, 'wyższe', 4100);
INSERT INTO stanowisko (id, nazwa, dzial_id, minimalne_wyksztalcenie, wynagrodzenie) VALUES (4, 'Księgowy', 2, 'średnie', 1800);
INSERT INTO stanowisko (id, nazwa, dzial_id, minimalne_wyksztalcenie, wynagrodzenie) VALUES (5, 'Kadrowa', 3, 'wyższe', 4000);
INSERT INTO stanowisko (id, nazwa, dzial_id, minimalne_wyksztalcenie, wynagrodzenie) VALUES (6, 'Doradca klienta', 4, 'średnie', 5000);
INSERT INTO stanowisko (id, nazwa, dzial_id, minimalne_wyksztalcenie, wynagrodzenie) VALUES (7, 'Informatyk', 1, 'zasadnicze zawodowe', 1200);
INSERT INTO stanowisko (id, nazwa, dzial_id, minimalne_wyksztalcenie, wynagrodzenie) VALUES (8, 'Analityk', 2, 'średnie', 1800);
INSERT INTO stanowisko (id, nazwa, dzial_id, minimalne_wyksztalcenie, wynagrodzenie) VALUES (9, 'Manager', 1, 'wyższe', 1900);
INSERT INTO stanowisko (id, nazwa, dzial_id, minimalne_wyksztalcenie, wynagrodzenie) VALUES (10, 'Manager', 2, 'wyższe', 2600);
INSERT INTO stanowisko (id, nazwa, dzial_id, minimalne_wyksztalcenie, wynagrodzenie) VALUES (11, 'Manager', 3, 'wyższe', 2650);
INSERT INTO stanowisko (id, nazwa, dzial_id, minimalne_wyksztalcenie, wynagrodzenie) VALUES (12, 'Manager', 4, 'wyższe', 2100);
INSERT INTO stanowisko (id, nazwa, dzial_id, minimalne_wyksztalcenie, wynagrodzenie) VALUES (13, 'Manager', 5, 'wyższe', 3900);
INSERT INTO stanowisko (id, nazwa, dzial_id, minimalne_wyksztalcenie, wynagrodzenie) VALUES (14, 'Manager', 6, 'wyższe', 3220);
INSERT INTO stanowisko (id, nazwa, dzial_id, minimalne_wyksztalcenie, wynagrodzenie) VALUES (15, 'Administrator baz danych', 1, 'średnie', 4290);
INSERT INTO stanowisko (id, nazwa, dzial_id, minimalne_wyksztalcenie, wynagrodzenie) VALUES (16, 'Projektant', 5, 'zasadnicze zawodowe', 4120);
INSERT INTO stanowisko (id, nazwa, dzial_id, minimalne_wyksztalcenie, wynagrodzenie) VALUES (17, 'Sprzedawca', 6, 'średnie', 3800);

INSERT INTO stanowisko_wymagania (stanowisko_id, wymagania_id) VALUES (1, 9);
INSERT INTO stanowisko_wymagania (stanowisko_id, wymagania_id) VALUES (1, 11);
INSERT INTO stanowisko_wymagania (stanowisko_id, wymagania_id) VALUES (1, 13);
INSERT INTO stanowisko_wymagania (stanowisko_id, wymagania_id) VALUES (1, 18);
INSERT INTO stanowisko_wymagania (stanowisko_id, wymagania_id) VALUES (1, 20);
INSERT INTO stanowisko_wymagania (stanowisko_id, wymagania_id) VALUES (1, 34);
INSERT INTO stanowisko_wymagania (stanowisko_id, wymagania_id) VALUES (1, 51);
INSERT INTO stanowisko_wymagania (stanowisko_id, wymagania_id) VALUES (2, 4);
INSERT INTO stanowisko_wymagania (stanowisko_id, wymagania_id) VALUES (2, 8);
INSERT INTO stanowisko_wymagania (stanowisko_id, wymagania_id) VALUES (2, 9);
INSERT INTO stanowisko_wymagania (stanowisko_id, wymagania_id) VALUES (2, 21);
INSERT INTO stanowisko_wymagania (stanowisko_id, wymagania_id) VALUES (2, 55);
INSERT INTO stanowisko_wymagania (stanowisko_id, wymagania_id) VALUES (3, 3);
INSERT INTO stanowisko_wymagania (stanowisko_id, wymagania_id) VALUES (3, 6);
INSERT INTO stanowisko_wymagania (stanowisko_id, wymagania_id) VALUES (3, 14);
INSERT INTO stanowisko_wymagania (stanowisko_id, wymagania_id) VALUES (3, 26);
INSERT INTO stanowisko_wymagania (stanowisko_id, wymagania_id) VALUES (3, 49);
INSERT INTO stanowisko_wymagania (stanowisko_id, wymagania_id) VALUES (3, 50);
INSERT INTO stanowisko_wymagania (stanowisko_id, wymagania_id) VALUES (4, 19);
INSERT INTO stanowisko_wymagania (stanowisko_id, wymagania_id) VALUES (4, 22);
INSERT INTO stanowisko_wymagania (stanowisko_id, wymagania_id) VALUES (4, 26);
INSERT INTO stanowisko_wymagania (stanowisko_id, wymagania_id) VALUES (4, 34);
INSERT INTO stanowisko_wymagania (stanowisko_id, wymagania_id) VALUES (4, 37);
INSERT INTO stanowisko_wymagania (stanowisko_id, wymagania_id) VALUES (4, 53);
INSERT INTO stanowisko_wymagania (stanowisko_id, wymagania_id) VALUES (5, 20);
INSERT INTO stanowisko_wymagania (stanowisko_id, wymagania_id) VALUES (5, 25);
INSERT INTO stanowisko_wymagania (stanowisko_id, wymagania_id) VALUES (5, 35);
INSERT INTO stanowisko_wymagania (stanowisko_id, wymagania_id) VALUES (5, 36);
INSERT INTO stanowisko_wymagania (stanowisko_id, wymagania_id) VALUES (5, 39);
INSERT INTO stanowisko_wymagania (stanowisko_id, wymagania_id) VALUES (5, 42);
INSERT INTO stanowisko_wymagania (stanowisko_id, wymagania_id) VALUES (6, 13);
INSERT INTO stanowisko_wymagania (stanowisko_id, wymagania_id) VALUES (6, 16);
INSERT INTO stanowisko_wymagania (stanowisko_id, wymagania_id) VALUES (7, 19);
INSERT INTO stanowisko_wymagania (stanowisko_id, wymagania_id) VALUES (7, 21);
INSERT INTO stanowisko_wymagania (stanowisko_id, wymagania_id) VALUES (7, 23);
INSERT INTO stanowisko_wymagania (stanowisko_id, wymagania_id) VALUES (7, 25);
INSERT INTO stanowisko_wymagania (stanowisko_id, wymagania_id) VALUES (7, 31);
INSERT INTO stanowisko_wymagania (stanowisko_id, wymagania_id) VALUES (7, 48);
INSERT INTO stanowisko_wymagania (stanowisko_id, wymagania_id) VALUES (8, 11);
INSERT INTO stanowisko_wymagania (stanowisko_id, wymagania_id) VALUES (8, 16);
INSERT INTO stanowisko_wymagania (stanowisko_id, wymagania_id) VALUES (8, 24);
INSERT INTO stanowisko_wymagania (stanowisko_id, wymagania_id) VALUES (8, 37);
INSERT INTO stanowisko_wymagania (stanowisko_id, wymagania_id) VALUES (8, 50);
INSERT INTO stanowisko_wymagania (stanowisko_id, wymagania_id) VALUES (8, 53);
INSERT INTO stanowisko_wymagania (stanowisko_id, wymagania_id) VALUES (8, 54);
INSERT INTO stanowisko_wymagania (stanowisko_id, wymagania_id) VALUES (9, 8);
INSERT INTO stanowisko_wymagania (stanowisko_id, wymagania_id) VALUES (9, 10);
INSERT INTO stanowisko_wymagania (stanowisko_id, wymagania_id) VALUES (9, 25);
INSERT INTO stanowisko_wymagania (stanowisko_id, wymagania_id) VALUES (9, 42);
INSERT INTO stanowisko_wymagania (stanowisko_id, wymagania_id) VALUES (9, 52);
INSERT INTO stanowisko_wymagania (stanowisko_id, wymagania_id) VALUES (9, 54);
INSERT INTO stanowisko_wymagania (stanowisko_id, wymagania_id) VALUES (10, 7);
INSERT INTO stanowisko_wymagania (stanowisko_id, wymagania_id) VALUES (10, 9);
INSERT INTO stanowisko_wymagania (stanowisko_id, wymagania_id) VALUES (10, 12);
INSERT INTO stanowisko_wymagania (stanowisko_id, wymagania_id) VALUES (10, 13);
INSERT INTO stanowisko_wymagania (stanowisko_id, wymagania_id) VALUES (10, 14);
INSERT INTO stanowisko_wymagania (stanowisko_id, wymagania_id) VALUES (10, 15);
INSERT INTO stanowisko_wymagania (stanowisko_id, wymagania_id) VALUES (10, 35);
INSERT INTO stanowisko_wymagania (stanowisko_id, wymagania_id) VALUES (10, 39);
INSERT INTO stanowisko_wymagania (stanowisko_id, wymagania_id) VALUES (10, 40);
INSERT INTO stanowisko_wymagania (stanowisko_id, wymagania_id) VALUES (10, 41);
INSERT INTO stanowisko_wymagania (stanowisko_id, wymagania_id) VALUES (10, 44);
INSERT INTO stanowisko_wymagania (stanowisko_id, wymagania_id) VALUES (10, 47);
INSERT INTO stanowisko_wymagania (stanowisko_id, wymagania_id) VALUES (11, 6);
INSERT INTO stanowisko_wymagania (stanowisko_id, wymagania_id) VALUES (11, 24);
INSERT INTO stanowisko_wymagania (stanowisko_id, wymagania_id) VALUES (11, 29);
INSERT INTO stanowisko_wymagania (stanowisko_id, wymagania_id) VALUES (11, 37);
INSERT INTO stanowisko_wymagania (stanowisko_id, wymagania_id) VALUES (11, 49);
INSERT INTO stanowisko_wymagania (stanowisko_id, wymagania_id) VALUES (11, 52);
INSERT INTO stanowisko_wymagania (stanowisko_id, wymagania_id) VALUES (12, 7);
INSERT INTO stanowisko_wymagania (stanowisko_id, wymagania_id) VALUES (12, 9);
INSERT INTO stanowisko_wymagania (stanowisko_id, wymagania_id) VALUES (12, 18);
INSERT INTO stanowisko_wymagania (stanowisko_id, wymagania_id) VALUES (12, 21);
INSERT INTO stanowisko_wymagania (stanowisko_id, wymagania_id) VALUES (12, 26);
INSERT INTO stanowisko_wymagania (stanowisko_id, wymagania_id) VALUES (13, 2);
INSERT INTO stanowisko_wymagania (stanowisko_id, wymagania_id) VALUES (13, 7);
INSERT INTO stanowisko_wymagania (stanowisko_id, wymagania_id) VALUES (13, 8);
INSERT INTO stanowisko_wymagania (stanowisko_id, wymagania_id) VALUES (13, 10);
INSERT INTO stanowisko_wymagania (stanowisko_id, wymagania_id) VALUES (13, 12);
INSERT INTO stanowisko_wymagania (stanowisko_id, wymagania_id) VALUES (13, 19);
INSERT INTO stanowisko_wymagania (stanowisko_id, wymagania_id) VALUES (13, 32);
INSERT INTO stanowisko_wymagania (stanowisko_id, wymagania_id) VALUES (14, 3);
INSERT INTO stanowisko_wymagania (stanowisko_id, wymagania_id) VALUES (14, 15);
INSERT INTO stanowisko_wymagania (stanowisko_id, wymagania_id) VALUES (14, 34);
INSERT INTO stanowisko_wymagania (stanowisko_id, wymagania_id) VALUES (14, 37);
INSERT INTO stanowisko_wymagania (stanowisko_id, wymagania_id) VALUES (14, 41);
INSERT INTO stanowisko_wymagania (stanowisko_id, wymagania_id) VALUES (14, 48);
INSERT INTO stanowisko_wymagania (stanowisko_id, wymagania_id) VALUES (14, 52);
INSERT INTO stanowisko_wymagania (stanowisko_id, wymagania_id) VALUES (15, 13);
INSERT INTO stanowisko_wymagania (stanowisko_id, wymagania_id) VALUES (15, 26);
INSERT INTO stanowisko_wymagania (stanowisko_id, wymagania_id) VALUES (16, 6);
INSERT INTO stanowisko_wymagania (stanowisko_id, wymagania_id) VALUES (16, 13);
INSERT INTO stanowisko_wymagania (stanowisko_id, wymagania_id) VALUES (16, 16);
INSERT INTO stanowisko_wymagania (stanowisko_id, wymagania_id) VALUES (16, 26);
INSERT INTO stanowisko_wymagania (stanowisko_id, wymagania_id) VALUES (16, 28);
INSERT INTO stanowisko_wymagania (stanowisko_id, wymagania_id) VALUES (16, 31);
INSERT INTO stanowisko_wymagania (stanowisko_id, wymagania_id) VALUES (16, 42);
INSERT INTO stanowisko_wymagania (stanowisko_id, wymagania_id) VALUES (16, 46);

INSERT INTO pracownik (imie, nazwisko, pesel, data_urodzenia, numer_telefonu, miejscowosc, ulica, numer_domu, kod_pocztowy, wyksztalcenie, hobby, kwalifikacja_id, stanowisko_id) VALUES ('Joyce', 'Jast', '71407850958', '1993-07-23', '362456459', 'Caliport', 'Aditya Ridge', '9', '85-099', 'zasadnicze zawodowe', 'kino, grafika, pisanie książek, park, gry, programowanie', 1, 1);
INSERT INTO pracownik (imie, nazwisko, pesel, data_urodzenia, numer_telefonu, miejscowosc, ulica, numer_domu, kod_pocztowy, wyksztalcenie, hobby, kwalifikacja_id, stanowisko_id) VALUES ('Norma', 'Kreiger', '79845431375', '2003-01-17', '770018709', 'New Agnes', 'Ivy Villages', '45', '48-950', 'średnie', 'pisanie książek, grafika', 3, 4);
INSERT INTO pracownik (imie, nazwisko, pesel, data_urodzenia, numer_telefonu, miejscowosc, ulica, numer_domu, kod_pocztowy, wyksztalcenie, hobby, kwalifikacja_id, stanowisko_id) VALUES ('Larue', 'Boehm', '60103227344', '1991-07-25', '656992298', 'Lake Annettaport', 'Nikolaus Ranch', '83', '88-364', 'średnie', 'teatr, elektronika, czytanie, pisanie książek, wycieczki, czytanie, gry, elektronika, grafika, taniec, taniec, jeżdzenie na rolkach, opera, taniec, jeżdzenie na deskorolce', 2, 6);
INSERT INTO pracownik (imie, nazwisko, pesel, data_urodzenia, numer_telefonu, miejscowosc, ulica, numer_domu, kod_pocztowy, wyksztalcenie, hobby, kwalifikacja_id, stanowisko_id) VALUES ('Magali', 'Toy', '61056890557', '1998-08-07', '813135433', 'Schmidtberg', 'Gutmann Summit', '1', '60-121', 'wyższe', 'wycieczki', 4, 1);
INSERT INTO pracownik (imie, nazwisko, pesel, data_urodzenia, numer_telefonu, miejscowosc, ulica, numer_domu, kod_pocztowy, wyksztalcenie, hobby, kwalifikacja_id, stanowisko_id) VALUES ('Sidney', 'Brown', '82284967982', '2013-01-02', '822748631', 'Gladysland', 'Breitenberg Estates', '34', '78-751', 'wyższe', 'śpiew, programowanie, taniec, opera, samochody, wycieczki, komputery, teatr, kino, gry, samochody, jeżdzenie na deskorolce, gry, jeżdzenie na rolkach, taniec', 5, 4);
INSERT INTO pracownik (imie, nazwisko, pesel, data_urodzenia, numer_telefonu, miejscowosc, ulica, numer_domu, kod_pocztowy, wyksztalcenie, hobby, kwalifikacja_id, stanowisko_id) VALUES ('Marvin', 'Torphy', '81903782079', '1982-11-03', '793909037', 'Port Christelletown', 'Santa Burgs', '57', '88-961', 'wyższe', 'filmy, jeżdzenie na rolkach, jeżdzenie na rolkach', 2, 5);
INSERT INTO pracownik (imie, nazwisko, pesel, data_urodzenia, numer_telefonu, miejscowosc, ulica, numer_domu, kod_pocztowy, wyksztalcenie, hobby, kwalifikacja_id) VALUES ('Raegan', 'Cummerata', '60813221703', '2017-04-15', '880427819', 'Jorgeburgh', 'Stamm Walk', '24', '16-134', 'zasadnicze zawodowe', 'śpiew, czytanie', 4);
INSERT INTO pracownik (imie, nazwisko, pesel, data_urodzenia, numer_telefonu, miejscowosc, ulica, numer_domu, kod_pocztowy, wyksztalcenie, hobby, kwalifikacja_id) VALUES ('Adam', 'Wisozk', '87417241760', '2008-03-05', '381850171', 'Carrollton', 'Jones Turnpike', '88', '36-322', 'zasadnicze zawodowe', 'programowanie, samochody, jeżdzenie na rowerze, czytanie, muzyka, muzyka, park, jeżdzenie na deskorolce, jeżdzenie na deskorolce, jeżdzenie na rowerze, jeżdzenie na rolkach, opera', 1);
INSERT INTO pracownik (imie, nazwisko, pesel, data_urodzenia, numer_telefonu, miejscowosc, ulica, numer_domu, kod_pocztowy, wyksztalcenie, hobby, kwalifikacja_id) VALUES ('Eloisa', 'Rippin', '65862232113', '1976-12-28', '738561815', 'Opheliahaven', 'Leonard Coves', '47', '65-759', 'zasadnicze zawodowe', 'opera, komputery, filmy, grafika, pływanie, jeżdzenie na deskorolce, jeżdzenie na rolkach, morze', 4);
INSERT INTO pracownik (imie, nazwisko, pesel, data_urodzenia, numer_telefonu, miejscowosc, ulica, numer_domu, kod_pocztowy, wyksztalcenie, hobby, kwalifikacja_id) VALUES ('Will', 'Kemmer', '71137223603', '1981-03-16', '863533390', 'Elmerville', 'Bradtke Cove', '19', '67-448', NULL, 'filmy, wycieczki, programowanie', 1);
INSERT INTO pracownik (imie, nazwisko, pesel, data_urodzenia, numer_telefonu, miejscowosc, ulica, numer_domu, kod_pocztowy, wyksztalcenie, hobby, kwalifikacja_id) VALUES ('Cristopher', 'Feil', '81830670581', '2000-11-23', '488618666', 'Stefaniemouth', 'Gottlieb Turnpike', '17', '14-575', 'wyższe', 'pływanie, taniec, park, pływanie, programowanie, elektronika, park, jeżdzenie na rolkach, park, samochody, pisanie książek', 2);
INSERT INTO pracownik (imie, nazwisko, pesel, data_urodzenia, numer_telefonu, miejscowosc, ulica, numer_domu, kod_pocztowy, wyksztalcenie, hobby, kwalifikacja_id) VALUES ('Davonte', 'Denesik', '62794749558', '1983-10-02', '713362837', 'North Sylvialand', 'Michel Bridge', '31', '40-997', 'wyższe', 'śpiew, taniec, pływanie, taniec, jeżdzenie na deskorolce, jeżdzenie na rolkach', 3);
INSERT INTO pracownik (imie, nazwisko, pesel, data_urodzenia, numer_telefonu, miejscowosc, ulica, numer_domu, kod_pocztowy, wyksztalcenie, hobby, kwalifikacja_id, stanowisko_id) VALUES ('Eldridge', 'West', '71611237451', '1984-06-09', '700109023', 'East Shayne', 'Kuvalis Drives', '53', '57-340', 'wyższe', 'pisanie książek, taniec, programowanie, samochody, śpiew, pływanie, czytanie', 4, 17);
INSERT INTO pracownik (imie, nazwisko, pesel, data_urodzenia, numer_telefonu, miejscowosc, ulica, numer_domu, kod_pocztowy, wyksztalcenie, hobby, kwalifikacja_id, stanowisko_id) VALUES ('Rosina', 'Grimes', '99485878891', '2007-01-30', '317913067', 'East General', 'Mitchell Mills', '85', '98-313', NULL, 'filmy, grafika, opera, gry, elektronika, park, grafika, opera, muzyka, gry', 2, 14);
INSERT INTO pracownik (imie, nazwisko, pesel, data_urodzenia, numer_telefonu, miejscowosc, ulica, numer_domu, kod_pocztowy, wyksztalcenie, hobby, kwalifikacja_id, stanowisko_id) VALUES ('Anibal', 'Bradtke', '92201519828', '1994-06-27', '381564838', 'West Adah', 'Kshlerin Crest', '27', '65-394', 'średnie', 'teatr, komputery, teatr, park, jeżdzenie na deskorolce, opera, elektronika, grafika', 1, 14);
INSERT INTO pracownik (imie, nazwisko, pesel, data_urodzenia, numer_telefonu, miejscowosc, ulica, numer_domu, kod_pocztowy, wyksztalcenie, hobby, kwalifikacja_id, stanowisko_id) VALUES ('Dallas', 'Satterfield', '60649183802', '1972-05-31', '429630828', 'Funkshire', 'Ondricka Run', '16', '26-344', 'średnie', 'samochody, jeżdzenie na rowerze, elektronika, samochody, kino, taniec, samochody', 3, 14);
INSERT INTO pracownik (imie, nazwisko, pesel, data_urodzenia, numer_telefonu, miejscowosc, ulica, numer_domu, kod_pocztowy, wyksztalcenie, hobby, kwalifikacja_id, stanowisko_id) VALUES ('Nyah', 'Halvorson', '78352687822', '1997-11-15', '285432857', 'East Watsonmouth', 'Deckow Roads', '54', '53-495', NULL, 'park, pływanie, jeżdzenie na rowerze, opera, taniec, samochody', 2, 16);
INSERT INTO pracownik (imie, nazwisko, pesel, data_urodzenia, numer_telefonu, miejscowosc, ulica, numer_domu, kod_pocztowy, wyksztalcenie, hobby, kwalifikacja_id, stanowisko_id) VALUES ('Marilou', 'Wolff', '68153215344', '1971-10-28', '718026769', 'Johnsville', 'Wisoky Squares', '71', '19-848', 'zasadnicze zawodowe', 'pisanie książek, opera, park, programowanie', 4, 11);
INSERT INTO pracownik (imie, nazwisko, pesel, data_urodzenia, numer_telefonu, miejscowosc, ulica, numer_domu, kod_pocztowy, wyksztalcenie, hobby, kwalifikacja_id, stanowisko_id) VALUES ('Sterling', 'Torp', '72820175448', '1994-09-12', '981223732', 'Ortizberg', 'Hermiston Ridge', '86', '43-472', 'zasadnicze zawodowe', 'park, pisanie książek, jeżdzenie na rolkach, teatr, jeżdzenie na rowerze, śpiew, śpiew, jeżdzenie na deskorolce, gry', 5, 11);
INSERT INTO pracownik (imie, nazwisko, pesel, data_urodzenia, numer_telefonu, miejscowosc, ulica, numer_domu, kod_pocztowy, wyksztalcenie, hobby, kwalifikacja_id) VALUES ('Dejah', 'Swaniawski', '86715627672', '1998-04-01', '979462433', 'New Haileyton', 'Sipes Fork', '74', '76-754', NULL, 'pływanie, czytanie, pływanie, filmy', 1);
INSERT INTO pracownik (imie, nazwisko, pesel, data_urodzenia, numer_telefonu, miejscowosc, ulica, numer_domu, kod_pocztowy, wyksztalcenie, hobby, kwalifikacja_id) VALUES ('Victoria', 'Collins', '82432913452', '2005-05-28', '704320306', 'Port Garthmouth', 'Bartoletti Skyway', '57', '90-810', 'zasadnicze zawodowe', 'śpiew, jeżdzenie na deskorolce, programowanie, pisanie książek, śpiew, pisanie książek, samochody, muzyka, śpiew, samochody, wycieczki, kino, jeżdzenie na rolkach', 2);
INSERT INTO pracownik (imie, nazwisko, pesel, data_urodzenia, numer_telefonu, miejscowosc, ulica, numer_domu, kod_pocztowy, wyksztalcenie, hobby, kwalifikacja_id) VALUES ('Natalia', 'Shields', '82145835720', '1985-01-01', '390725386', 'South Daphne', 'Einar Tunnel', '19', '72-545', NULL, 'śpiew, wycieczki, kino', 3);
INSERT INTO pracownik (imie, nazwisko, pesel, data_urodzenia, numer_telefonu, miejscowosc, ulica, numer_domu, kod_pocztowy, wyksztalcenie, hobby, kwalifikacja_id) VALUES ('Roger', 'Connelly', '69971277935', '2006-05-13', '431510144', 'Wisokyfort', 'Otilia Junctions', '50', '37-340', 'zasadnicze zawodowe', 'jeżdzenie na rolkach, grafika, filmy, taniec, komputery, teatr, pływanie, kino, czytanie, muzyka, elektronika, elektronika, wycieczki, muzyka, czytanie', 5);
INSERT INTO pracownik (imie, nazwisko, pesel, data_urodzenia, numer_telefonu, miejscowosc, ulica, numer_domu, kod_pocztowy, wyksztalcenie, hobby, kwalifikacja_id) VALUES ('Aryanna', 'Wyman', '93119753433', '2013-02-05', '787198472', 'Port Mikefort', 'Champlin Walk', '24', '52-954', 'wyższe', 'opera, czytanie, taniec, grafika, elektronika', 4);
INSERT INTO pracownik (imie, nazwisko, pesel, data_urodzenia, numer_telefonu, miejscowosc, ulica, numer_domu, kod_pocztowy, wyksztalcenie, hobby, kwalifikacja_id) VALUES ('Cyril', 'Kihn', '98925222332', '1994-04-12', '381112188', 'Lebsackmouth', 'Feest Ports', '27', '53-916', 'wyższe', 'czytanie, opera, komputery, jeżdzenie na rowerze, pływanie', 3);
INSERT INTO pracownik (imie, nazwisko, pesel, data_urodzenia, numer_telefonu, miejscowosc, ulica, numer_domu, kod_pocztowy, wyksztalcenie, hobby, kwalifikacja_id) VALUES ('Dangelo', 'Bauch', '91838281436', '1993-09-03', '460349739', 'West Chelseamouth', 'Mckenzie Knoll', '5', '51-032', 'wyższe', 'czytanie, teatr, samochody, komputery, filmy, park', 5);
INSERT INTO pracownik (imie, nazwisko, pesel, data_urodzenia, numer_telefonu, miejscowosc, ulica, numer_domu, kod_pocztowy, wyksztalcenie, hobby, kwalifikacja_id, stanowisko_id) VALUES ('Cathryn', 'Tremblay', '82894682792', '1998-07-02', '939700991', 'North Bennett', 'Alysha Summit', '85', '59-684', NULL, 'wycieczki, muzyka, muzyka, opera, pływanie', 1, 13);
INSERT INTO pracownik (imie, nazwisko, pesel, data_urodzenia, numer_telefonu, miejscowosc, ulica, numer_domu, kod_pocztowy, wyksztalcenie, hobby, kwalifikacja_id, stanowisko_id) VALUES ('Cloyd', 'Stamm', '66670641742', '2003-03-11', '879689837', 'Cronatown', 'Lakin Streets', '11', '57-630', NULL, 'teatr', 2, 15);
INSERT INTO pracownik (imie, nazwisko, pesel, data_urodzenia, numer_telefonu, miejscowosc, ulica, numer_domu, kod_pocztowy, wyksztalcenie, hobby, kwalifikacja_id, stanowisko_id) VALUES ('Connor', 'Schimmel', '73222481225', '1990-07-13', '581680697', 'East Lizethview', 'Hand Flats', '54', '45-497', NULL, 'kino, gry, wycieczki, teatr, wycieczki, śpiew, czytanie, kino, filmy, jeżdzenie na rolkach, jeżdzenie na deskorolce, muzyka, czytanie, taniec', 3, 12);
INSERT INTO pracownik (imie, nazwisko, pesel, data_urodzenia, numer_telefonu, miejscowosc, ulica, numer_domu, kod_pocztowy, wyksztalcenie, hobby, kwalifikacja_id, stanowisko_id) VALUES ('Maynard', 'Swift', '78089002264', '2001-08-01', '814729416', 'Fridaton', 'Goyette Canyon', '25', '57-994', 'wyższe', 'park, park, muzyka, taniec, śpiew', 3, 9);
INSERT INTO pracownik (imie, nazwisko, pesel, data_urodzenia, numer_telefonu, miejscowosc, ulica, numer_domu, kod_pocztowy, wyksztalcenie, hobby, kwalifikacja_id, stanowisko_id) VALUES ('Johnson', 'Grimes', '63849982303', '1993-12-01', '354604560', 'East Darrell', 'Grover Field', '59', '20-503', 'średnie', 'samochody, pisanie książek, elektronika, jeżdzenie na rolkach, programowanie, samochody, kino, wycieczki, pisanie książek, jeżdzenie na deskorolce, jeżdzenie na deskorolce, jeżdzenie na deskorolce', 1, 8);
INSERT INTO pracownik (imie, nazwisko, pesel, data_urodzenia, numer_telefonu, miejscowosc, ulica, numer_domu, kod_pocztowy, wyksztalcenie, hobby, kwalifikacja_id, stanowisko_id) VALUES ('Edison', 'Mertz', '70562551069', '2010-08-16', '356936526', 'Hilpertstad', 'Dibbert Brook', '79', '66-879', 'średnie', 'opera, filmy, opera, komputery, pływanie, grafika, pływanie, jeżdzenie na deskorolce, jeżdzenie na rolkach, morze, kino, taniec, morze, samochody', 5, 7);
INSERT INTO pracownik (imie, nazwisko, pesel, data_urodzenia, numer_telefonu, miejscowosc, ulica, numer_domu, kod_pocztowy, wyksztalcenie, hobby, kwalifikacja_id, stanowisko_id) VALUES ('Kian', 'Hettinger', '81166870970', '1989-12-07', '827983230', 'Annabelleland', 'Gottlieb Avenue', '84', '41-652', 'średnie', 'muzyka, filmy, śpiew, taniec, samochody', 3, 6);
INSERT INTO pracownik (imie, nazwisko, pesel, data_urodzenia, numer_telefonu, miejscowosc, ulica, numer_domu, kod_pocztowy, wyksztalcenie, hobby, kwalifikacja_id) VALUES ('Alexane', 'Ferry', '93666050278', '1988-12-02', '314843118', 'Langworthmouth', 'Omer Brooks', '63', '69-530', NULL, 'elektronika, elektronika, gry, morze, elektronika, park, pisanie książek, komputery, jeżdzenie na deskorolce', 2);
INSERT INTO pracownik (imie, nazwisko, pesel, data_urodzenia, numer_telefonu, miejscowosc, ulica, numer_domu, kod_pocztowy, wyksztalcenie, hobby, kwalifikacja_id) VALUES ('Katharina', 'Parker', '99161975535', '1984-01-24', '532306057', 'North Audreyberg', 'Rosenbaum Inlet', '47', '75-895', NULL, 'jeżdzenie na rolkach, gry, filmy', 1);
INSERT INTO pracownik (imie, nazwisko, pesel, data_urodzenia, numer_telefonu, miejscowosc, ulica, numer_domu, kod_pocztowy, wyksztalcenie, hobby, kwalifikacja_id) VALUES ('Wilbert', 'Murray', '71775958397', '2014-03-27', '118938541', 'New Makayla', 'Adrienne Freeway', '25', '80-702', NULL, 'komputery, wycieczki, morze, park', 3);
INSERT INTO pracownik (imie, nazwisko, pesel, data_urodzenia, numer_telefonu, miejscowosc, ulica, numer_domu, kod_pocztowy, wyksztalcenie, hobby, kwalifikacja_id) VALUES ('Tyrell', 'Wuckert', '67842887688', '1986-10-03', '459041089', 'Port Laurianestad', 'Richard Route', '79', '90-184', 'wyższe', 'kino, gry', 4);
INSERT INTO pracownik (imie, nazwisko, pesel, data_urodzenia, numer_telefonu, miejscowosc, ulica, numer_domu, kod_pocztowy, wyksztalcenie, hobby, kwalifikacja_id) VALUES ('Percival', 'Lemke', '96737414835', '2001-04-12', '338733447', 'Handmouth', 'Morgan Passage', '74', '43-444', 'wyższe', 'programowanie, elektronika', 2);
INSERT INTO pracownik (imie, nazwisko, pesel, data_urodzenia, numer_telefonu, miejscowosc, ulica, numer_domu, kod_pocztowy, wyksztalcenie, hobby, kwalifikacja_id) VALUES ('Emanuel', 'Fay', '81091122577', '1989-07-01', '755741578', 'New Cleoport', 'Otho Ridges', '66', '93-665', 'wyższe', 'teatr, gry, programowanie, komputery, samochody', 3);
INSERT INTO pracownik (imie, nazwisko, pesel, data_urodzenia, numer_telefonu, miejscowosc, ulica, numer_domu, kod_pocztowy, wyksztalcenie, hobby, kwalifikacja_id, stanowisko_id) VALUES ('Lexi', 'Daniel', '96576423806', '1984-07-08', '165695882', 'Hayleyton', 'Lorine Road', '3', '56-902', 'zasadnicze zawodowe', 'jeżdzenie na rolkach, czytanie, kino, pisanie książek, śpiew', 2, 10);
INSERT INTO pracownik (imie, nazwisko, pesel, data_urodzenia, numer_telefonu, miejscowosc, ulica, numer_domu, kod_pocztowy, wyksztalcenie, hobby, kwalifikacja_id, stanowisko_id) VALUES ('Abelardo', 'Heidenreich', '77748125482', '2000-12-20', '613875574', 'Rogahnburgh', 'Williamson Groves', '85', '29-388', NULL, 'gry, teatr, pływanie', 1, 7);
INSERT INTO pracownik (imie, nazwisko, pesel, data_urodzenia, numer_telefonu, miejscowosc, ulica, numer_domu, kod_pocztowy, wyksztalcenie, hobby, kwalifikacja_id, stanowisko_id) VALUES ('Austin', 'Ferry', '65162634482', '1979-04-10', '520528209', 'Spinkaport', 'Stanton Harbor', '48', '21-930', 'wyższe', 'pływanie, jeżdzenie na deskorolce, kino, samochody, kino, taniec, samochody, wycieczki, park, pisanie książek, gry, jeżdzenie na deskorolce', 4, 8);
INSERT INTO pracownik (imie, nazwisko, pesel, data_urodzenia, numer_telefonu, miejscowosc, ulica, numer_domu, kod_pocztowy, wyksztalcenie, hobby, kwalifikacja_id, stanowisko_id) VALUES ('Clarissa', 'Robel', '60026998063', '2007-02-25', '715124136', 'Daisystad', 'Ulices Inlet', '89', '92-107', 'zasadnicze zawodowe', 'opera, filmy, czytanie, jeżdzenie na rowerze, jeżdzenie na deskorolce', 2, 9);
INSERT INTO pracownik (imie, nazwisko, pesel, data_urodzenia, numer_telefonu, miejscowosc, ulica, numer_domu, kod_pocztowy, wyksztalcenie, hobby, kwalifikacja_id, stanowisko_id) VALUES ('Ross', 'Baumbach', '79445269910', '2005-04-02', '609378958', 'North Jordaneborough', 'Konopelski Run', '19', '37-676', NULL, 'morze, filmy, taniec, elektronika, śpiew, elektronika, wycieczki, jeżdzenie na rowerze, komputery', 3, 11);
INSERT INTO pracownik (imie, nazwisko, pesel, data_urodzenia, numer_telefonu, miejscowosc, ulica, numer_domu, kod_pocztowy, wyksztalcenie, hobby, kwalifikacja_id, stanowisko_id) VALUES ('Kelton', 'Fay', '62596348293', '1985-12-19', '926614493', 'Lake Cole', 'Vida Bridge', '55', '20-969', NULL, 'programowanie, jeżdzenie na rowerze, kino, programowanie, filmy, grafika, gry, opera, gry, morze, pływanie, elektronika', 4, 12);
INSERT INTO pracownik (imie, nazwisko, pesel, data_urodzenia, numer_telefonu, miejscowosc, ulica, numer_domu, kod_pocztowy, wyksztalcenie, hobby, kwalifikacja_id) VALUES ('Milan', 'Morar', '75645582389', '2004-10-29', '635886586', 'Schusterview', 'Dedric Meadow', '14', '94-991', 'wyższe', 'gry, jeżdzenie na rolkach, komputery, czytanie, opera, programowanie, filmy, wycieczki, elektronika, filmy, jeżdzenie na deskorolce, taniec', 3);
INSERT INTO pracownik (imie, nazwisko, pesel, data_urodzenia, numer_telefonu, miejscowosc, ulica, numer_domu, kod_pocztowy, wyksztalcenie, hobby, kwalifikacja_id) VALUES ('Bette', 'Shields', '68356483439', '1977-05-29', '369049007', 'Port Beulah', 'Cleve Station', '19', '29-024', 'średnie', 'pisanie książek, czytanie, czytanie, filmy, kino', 1);
INSERT INTO pracownik (imie, nazwisko, pesel, data_urodzenia, numer_telefonu, miejscowosc, ulica, numer_domu, kod_pocztowy, wyksztalcenie, hobby, kwalifikacja_id) VALUES ('Hermina', 'Leannon', '71313716530', '1987-01-28', '986625648', 'New Ricardo', 'Shaina Greens', '28', '82-044', 'wyższe', 'grafika, jeżdzenie na rolkach, komputery, muzyka, pływanie, samochody, grafika, jeżdzenie na deskorolce, samochody', 3);
INSERT INTO pracownik (imie, nazwisko, pesel, data_urodzenia, numer_telefonu, miejscowosc, ulica, numer_domu, kod_pocztowy, wyksztalcenie, hobby, kwalifikacja_id) VALUES ('Bret', 'Douglas', '93103530706', '1971-04-24', '272917026', 'West Shad', 'Telly Cliffs', '46', '52-243', 'średnie', 'pływanie, park, wycieczki, opera, taniec, taniec, opera, jeżdzenie na rowerze', 4);
INSERT INTO pracownik (imie, nazwisko, pesel, data_urodzenia, numer_telefonu, miejscowosc, ulica, numer_domu, kod_pocztowy, wyksztalcenie, hobby, kwalifikacja_id) VALUES ('Anne', 'Bosco', '71458389545', '1984-07-16', '375021589', 'North Megane', 'Guillermo Shoal', '70', '51-646', NULL, 'teatr', 5);
INSERT INTO pracownik (imie, nazwisko, pesel, data_urodzenia, numer_telefonu, miejscowosc, ulica, numer_domu, kod_pocztowy, wyksztalcenie, hobby, kwalifikacja_id, stanowisko_id) VALUES ('Lon', 'Deckow', '75391382545', '1993-06-28', '307729203', 'Joyfurt', 'Kenyatta Road', '78', '29-535', 'średnie', 'kino, programowanie, wycieczki, jeżdzenie na deskorolce, wycieczki, teatr, grafika, jeżdzenie na rowerze, filmy, pisanie książek, opera, jeżdzenie na rowerze, pisanie książek, jeżdzenie na deskorolce, muzyka', 3, 13);
INSERT INTO pracownik (imie, nazwisko, pesel, data_urodzenia, numer_telefonu, miejscowosc, ulica, numer_domu, kod_pocztowy, wyksztalcenie, hobby, kwalifikacja_id, stanowisko_id) VALUES ('Davonte', 'Raynor', '79471724822', '2004-07-19', '509606361', 'Howellville', 'Berta Mountains', '19', '95-866', 'wyższe', 'morze, jeżdzenie na deskorolce, jeżdzenie na deskorolce, programowanie, filmy, morze, śpiew', 2, 12);
INSERT INTO pracownik (imie, nazwisko, pesel, data_urodzenia, numer_telefonu, miejscowosc, ulica, numer_domu, kod_pocztowy, wyksztalcenie, hobby, kwalifikacja_id, stanowisko_id) VALUES ('Liliana', 'Wolf', '87875037554', '2008-02-22', '803974885', 'Ubaldoshire', 'Quinn Rue', '72', '52-971', 'wyższe', 'gry, muzyka, grafika, opera, samochody', 3, 1);
INSERT INTO pracownik (imie, nazwisko, pesel, data_urodzenia, numer_telefonu, miejscowosc, ulica, numer_domu, kod_pocztowy, wyksztalcenie, hobby, kwalifikacja_id, stanowisko_id) VALUES ('Zoila', 'Simonis', '99136950084', '2017-06-25', '398911917', 'Sharonburgh', 'Jerry Creek', '73', '91-657', 'zasadnicze zawodowe', 'jeżdzenie na rolkach, gry, filmy', 3, 5);